date,amount,method
2026-04-09,2450.000,USDT
2026-04-09,3500.00,card
2026-04-09,2300.00,card
2026-04-09,3300.00,card
2026-04-09,3500.00,card
2026-04-09,2000.00,card
2026-04-09,3300.00,card
2026-04-09,3500.00,card
2026-04-09,3300.00,card
2026-04-09,3300.00,card
2026-04-09,3500.00,BALANCE
2026-04-09,2170.000,USDT
2026-04-09,3500.00,card
2026-04-09,3500.00,card
2026-04-09,5500.00,card
2026-04-09,3500.00,card
2026-04-09,3500.00,BALANCE
2026-04-09,3780.000,USDT
2026-04-09,2100.000,USDT
2026-04-09,3500.00,BALANCE
2026-04-09,3500.00,BALANCE
2026-04-09,3290.000,USDT
2026-04-09,5600.00,BALANCE
2026-04-08,5600.00,onlypays
2026-04-08,2310.000,USDT
2026-04-08,3300.00,transa
2026-04-08,5600.00,BALANCE
2026-04-08,2450.000,USDT
2026-04-08,2450.000,USDT
2026-04-08,2450.000,USDT
2026-04-08,5460.000,USDT
2026-04-08,2450.000,USDT
2026-04-08,16800.000,USDT
2026-04-08,3500.00,BALANCE
2026-04-08,2450.000,USDT
2026-04-08,3300.00,transa
2026-04-08,3780.000,USDT
2026-04-08,3300.00,BALANCE
2026-04-08,2310.000,USDT
2026-04-08,2450.000,USDT
2026-04-08,2450.000,USDT
2026-04-08,2000.00,onlypays
2026-04-08,2000.00,BALANCE
2026-04-08,2450.000,USDT
2026-04-08,2450.000,USDT
2026-04-08,3500.00,transa
2026-04-08,3500.00,transa
2026-04-08,3500.00,BALANCE
2026-04-08,2000.00,BALANCE
2026-04-08,5400.00,BALANCE
2026-04-08,2450.000,USDT
2026-04-08,2030.000,USDT
2026-04-08,2450.000,USDT
2026-04-08,3920.000,USDT
2026-04-08,3780.000,USDT
2026-04-08,3500.00,transa
2026-04-08,2450.000,USDT
2026-04-08,2000.00,BALANCE
2026-04-08,5500.00,BALANCE
2026-04-08,5600.00,BALANCE
2026-04-08,2450.000,USDT
2026-04-08,5460.000,USDT
2026-04-08,3780.000,USDT
2026-04-08,2100.00,nirvana
2026-04-08,3920.000,USDT
2026-04-08,2450.000,USDT
2026-04-08,3300.00,transa
2026-04-08,2310.000,USDT
2026-04-08,3300.00,BALANCE
2026-04-08,3300.00,BALANCE
2026-04-08,1000.00,transa
2026-04-08,1400.00,nirvana
2026-04-08,2000.00,nirvana
2026-04-08,3300.00,transa
2026-04-08,3300.00,transa
2026-04-08,5600.00,BALANCE
2026-04-08,5460.000,USDT
2026-04-08,2170.000,USDT
2026-04-08,2450.000,USDT
2026-04-08,7800.00,BALANCE
2026-04-08,3850.000,USDT
2026-04-08,3920.000,USDT
2026-04-08,3500.00,BALANCE
2026-04-08,1050.000,USDT
2026-04-08,2450.000,USDT
2026-04-08,3500.00,BALANCE
2026-04-08,1995.000,USDT
2026-04-08,3850.000,USDT
2026-04-08,3920.000,USDT
2026-04-08,7800.00,transa
2026-04-08,5200.00,onlypays
2026-04-08,3780.000,USDT
2026-04-08,3500.00,BALANCE
2026-04-08,3500.00,BALANCE
2026-04-08,840.000,USDT
2026-04-08,1400.000,USDT
2026-04-08,5200.00,onlypays
2026-04-08,7800.00,transa
2026-04-08,3500.00,nirvana
2026-04-08,3920.000,USDT
2026-04-08,1400.000,USDT
2026-04-08,5400.00,BALANCE
2026-04-08,3300.00,transa
2026-04-08,2310.000,USDT
2026-04-08,3500.00,BALANCE
2026-04-08,1200.00,transa
2026-04-08,3920.000,USDT
2026-04-08,2450.000,USDT
2026-04-08,5460.000,USDT
2026-04-08,7800.00,BALANCE
2026-04-08,4300.00,transa
2026-04-07,3920.000,USDT
2026-04-07,5600.00,transa
2026-04-07,3850.000,USDT
2026-04-07,2310.000,USDT
2026-04-07,5500.00,BALANCE
2026-04-07,5600.00,BALANCE
2026-04-07,3200.00,onlypays
2026-04-07,9100.000,USDT
2026-04-07,2000.00,transa
2026-04-07,5810.000,USDT
2026-04-07,3500.00,transa
2026-04-07,3780.000,USDT
2026-04-07,2450.000,USDT
2026-04-07,2000.00,nirvana
2026-04-07,5460.000,USDT
2026-04-07,5400.00,BALANCE
2026-04-07,3780.000,USDT
2026-04-07,3780.000,USDT
2026-04-07,5400.00,BALANCE
2026-04-07,3780.000,USDT
2026-04-07,3920.000,USDT
2026-04-07,3780.000,USDT
2026-04-07,3920.000,USDT
2026-04-07,5600.00,BALANCE
2026-04-07,3500.00,card
2026-04-07,3500.00,card
2026-04-07,5400.00,BALANCE
2026-04-07,2450.000,USDT
2026-04-07,3500.00,BALANCE
2026-04-07,7800.00,BALANCE
2026-04-07,2000.00,nirvana
2026-04-07,850.0000,BTC
2026-04-07,2000.00,nirvana
2026-04-07,3500.00,card
2026-04-07,5500.00,BALANCE
2026-04-07,5810.000,USDT
2026-04-07,8300.00,BALANCE
2026-04-07,5500.00,onlypays
2026-04-07,3780.000,USDT
2026-04-07,2500.00,BALANCE
2026-04-07,3500.00,BALANCE
2026-04-07,5500.00,BALANCE
2026-04-07,3780.000,USDT
2026-04-07,2450.000,USDT
2026-04-07,3780.000,USDT
2026-04-07,1400.000,USDT
2026-04-07,5400.00,BALANCE
2026-04-07,2450.000,USDT
2026-04-07,1330.000,USDT
2026-04-07,1400.000,USDT
2026-04-07,5500.00,BALANCE
2026-04-07,3500.00,BALANCE
2026-04-07,3500.00,BALANCE
2026-04-07,3850.000,USDT
2026-04-07,2000.00,BALANCE
2026-04-07,5600.00,BALANCE
2026-04-07,3780.000,USDT
2026-04-07,3300.00,BALANCE
2026-04-07,5600.00,card
2026-04-07,3920.000,USDT
2026-04-07,5400.00,card
2026-04-07,2500.00,card
2026-04-07,2450.000,USDT
2026-04-07,2450.000,USDT
2026-04-07,2450.000,USDT
2026-04-07,2450.000,USDT
2026-04-07,7800.00,BALANCE
2026-04-07,555.00,nirvana
2026-04-07,2450.000,USDT
2026-04-07,3920.000,USDT
2026-04-07,3300.00,card
2026-04-07,3780.000,USDT
2026-04-07,5460.000,USDT
2026-04-07,3500.00,card
2026-04-07,3500.00,card
2026-04-07,7800.00,BALANCE
2026-04-07,7800.00,transa
2026-04-07,5400.00,onlypays
2026-04-07,5400.00,BALANCE
2026-04-07,5600.00,BALANCE
2026-04-07,2170.000,USDT
2026-04-07,3780.000,USDT
2026-04-06,3920.000,USDT
2026-04-06,5600.00,BALANCE
2026-04-06,2000.00,transa
2026-04-06,5400.00,BALANCE
2026-04-06,5810.000,USDT
2026-04-06,2030.000,USDT
2026-04-06,3500.00,BALANCE
2026-04-06,3780.000,USDT
2026-04-06,5810.000,USDT
2026-04-06,2450.000,USDT
2026-04-06,3500.00,BALANCE
2026-04-06,2450.000,USDT
2026-04-06,2500.00,BALANCE
2026-04-06,13000.00,BALANCE
2026-04-06,5400.00,BALANCE
2026-04-06,1750.000,USDT
2026-04-06,3500.00,BALANCE
2026-04-06,5300.00,BALANCE
2026-04-06,3500.00,card
2026-04-06,5500.00,card
2026-04-06,5500.00,onlypays
2026-04-06,5600.00,card
2026-04-06,5500.00,BALANCE
2026-04-06,2500.00,BALANCE
2026-04-06,2500.00,BALANCE
2026-04-06,5500.00,BALANCE
2026-04-06,2100.000,USDT
2026-04-06,3500.00,card
2026-04-06,4200.000,USDT
2026-04-06,2300.00,card
2026-04-06,3780.000,USDT
2026-04-06,3780.000,USDT
2026-04-06,3500.00,card
2026-04-06,3780.000,USDT
2026-04-06,5600.00,card
2026-04-06,5810.000,USDT
2026-04-06,3920.000,USDT
2026-04-06,1610.000,USDT
2026-04-06,3500.00,card
2026-04-06,2300.00,BALANCE
2026-04-06,3710.000,USDT
2026-04-06,3500.00,card
2026-04-06,7800.00,card
2026-04-06,13000.00,BALANCE
2026-04-06,2500.00,card
2026-04-06,5300.00,BALANCE
2026-04-06,2310.000,USDT
2026-04-06,2100.000,USDT
2026-04-06,5810.000,USDT
2026-04-06,2450.000,USDT
2026-04-06,3920.000,USDT
2026-04-06,1470.000,USDT
2026-04-06,5500.00,BALANCE
2026-04-06,3500.00,card
2026-04-06,8300.00,card
2026-04-06,5400.00,BALANCE
2026-04-06,1400.000,USDT
2026-04-06,7800.00,BALANCE
2026-04-06,5300.00,BALANCE
2026-04-06,3710.000,USDT
2026-04-06,1400.000,USDT
2026-04-06,3500.00,BALANCE
2026-04-06,3780.000,USDT
2026-04-06,7800.00,BALANCE
2026-04-06,1200.00,card
2026-04-06,2450.000,USDT
2026-04-06,5500.00,BALANCE
2026-04-06,3850.000,USDT
2026-04-06,3850.000,USDT
2026-04-06,3780.000,USDT
2026-04-06,3300.00,card
2026-04-06,5600.00,card
2026-04-06,8000.00,BALANCE
2026-04-06,2000.00,card
2026-04-06,2500.00,card
2026-04-06,3500.00,BALANCE
2026-04-06,2170.000,USDT
2026-04-06,3780.000,USDT
2026-04-06,3500.00,card
2026-04-06,3300.00,card
2026-04-06,8300.00,card
2026-04-06,2000.00,card
2026-04-06,3500.00,BALANCE
2026-04-06,1050.000,USDT
2026-04-06,7800.00,BALANCE
2026-04-06,2200.00,card
2026-04-06,5400.00,card
2026-04-06,5400.00,BALANCE
2026-04-06,2450.000,USDT
2026-04-06,4760.0000,LTC
2026-04-06,2030.000,USDT
2026-04-06,3920.000,USDT
2026-04-06,2000.00,BALANCE
2026-04-06,2450.000,USDT
2026-04-05,8000.00,BALANCE
2026-04-05,8000.00,onlypays
2026-04-05,3500.00,BALANCE
2026-04-05,2450.000,USDT
2026-04-05,8300.00,BALANCE
2026-04-05,3395.000,USDT
2026-04-05,3500.00,BALANCE
2026-04-05,13000.00,BALANCE
2026-04-05,2500.00,nirvana
2026-04-05,5500.00,onlypays
2026-04-05,3500.00,BALANCE
2026-04-05,8000.00,BALANCE
2026-04-05,2500.00,nirvana
2026-04-05,3220.000,USDT
2026-04-05,3500.00,BALANCE
2026-04-05,2000.00,nirvana
2026-04-05,2450.000,USDT
2026-04-05,3780.000,USDT
2026-04-05,840.000,USDT
2026-04-05,5810.000,USDT
2026-04-05,3780.000,USDT
2026-04-05,3500.00,card
2026-04-05,2000.00,card
2026-04-05,7800.00,BALANCE
2026-04-05,5600.00,card
2026-04-05,2000.00,BALANCE
2026-04-05,3500.00,BALANCE
2026-04-05,8300.00,card
2026-04-05,3500.00,card
2026-04-05,5810.000,USDT
2026-04-05,5600.00,BALANCE
2026-04-05,1750.000,USDT
2026-04-05,1470.000,USDT
2026-04-05,2000.00,nirvana
2026-04-05,5500.00,onlypays
2026-04-05,2500.00,BALANCE
2026-04-05,2500.00,BALANCE
2026-04-05,1400.000,USDT
2026-04-05,2500.00,card
2026-04-05,3500.000,USDT
2026-04-05,5500.00,BALANCE
2026-04-05,3500.00,card
2026-04-05,3780.000,USDT
2026-04-05,3300.00,card
2026-04-05,2450.000,USDT
2026-04-05,2450.000,USDT
2026-04-05,3500.00,BALANCE
2026-04-05,5400.00,BALANCE
2026-04-05,3500.00,card
2026-04-05,5600.00,BALANCE
2026-04-05,7800.00,BALANCE
2026-04-05,5400.00,BALANCE
2026-04-05,5400.00,BALANCE
2026-04-05,3300.00,card
2026-04-05,5810.000,USDT
2026-04-05,5460.000,USDT
2026-04-05,3780.000,USDT
2026-04-05,3010.000,USDT
2026-04-05,1050.000,USDT
2026-04-05,1330.000,USDT
2026-04-05,2450.000,USDT
2026-04-05,5400.00,card
2026-04-05,8300.00,BALANCE
2026-04-05,5600.000,USDT
2026-04-05,5600.00,BALANCE
2026-04-05,3500.00,card
2026-04-05,2500.00,BALANCE
2026-04-05,3780.000,USDT
2026-04-05,3500.00,card
2026-04-05,3780.000,USDT
2026-04-05,3920.000,USDT
2026-04-05,4760.0000,LTC
2026-04-05,5500.00,BALANCE
2026-04-05,350.000,USDT
2026-04-05,2450.000,USDT
2026-04-05,5810.000,USDT
2026-04-05,3500.00,BALANCE
2026-04-05,2240.000,USDT
2026-04-05,3780.000,USDT
2026-04-05,1750.000,USDT
2026-04-05,9100.000,USDT
2026-04-05,2500.00,BALANCE
2026-04-05,1750.000,USDT
2026-04-04,10000.00,onlypays
2026-04-04,2000.00,BALANCE
2026-04-04,5500.00,BALANCE
2026-04-04,5600.00,BALANCE
2026-04-04,3500.00,BALANCE
2026-04-04,3920.000,USDT
2026-04-04,5500.00,BALANCE
2026-04-04,4060.000,USDT
2026-04-04,5810.000,USDT
2026-04-04,5500.00,onlypays
2026-04-04,2000.00,nirvana
2026-04-04,2450.000,USDT
2026-04-04,3920.000,USDT
2026-04-04,2000.00,nirvana
2026-04-04,9100.000,USDT
2026-04-04,1750.000,USDT
2026-04-04,3500.00,BALANCE
2026-04-04,1050.000,USDT
2026-04-04,3500.00,BALANCE
2026-04-04,2450.000,USDT
2026-04-04,3500.00,BALANCE
2026-04-04,1750.000,USDT
2026-04-04,3780.000,USDT
2026-04-04,3300.00,card
2026-04-04,3500.00,BALANCE
2026-04-04,5810.000,USDT
2026-04-04,2000.00,BALANCE
2026-04-04,3500.00,BALANCE
2026-04-04,1500.00,card
2026-04-04,5400.00,BALANCE
2026-04-04,5600.00,BALANCE
2026-04-04,8300.00,card
2026-04-04,3500.00,card
2026-04-04,5810.000,USDT
2026-04-04,3500.000,USDT
2026-04-04,2500.00,card
2026-04-04,8300.00,BALANCE
2026-04-04,5000.00,BALANCE
2026-04-04,2500.00,card
2026-04-04,3920.000,USDT
2026-04-04,1750.000,USDT
2026-04-04,2000.00,BALANCE
2026-04-04,1600.00,card
2026-04-04,3500.00,BALANCE
2026-04-04,3500.00,BALANCE
2026-04-04,5600.00,BALANCE
2026-04-04,5460.000,USDT
2026-04-04,5600.00,card
2026-04-04,3300.00,card
2026-04-04,3500.00,BALANCE
2026-04-04,3500.00,BALANCE
2026-04-04,1610.000,USDT
2026-04-04,3500.00,card
2026-04-04,3500.00,BALANCE
2026-04-04,2000.00,BALANCE
2026-04-04,2000.00,card
2026-04-04,2450.000,USDT
2026-04-04,3300.00,card
2026-04-04,3500.00,card
2026-04-04,3500.00,card
2026-04-04,3300.00,card
2026-04-04,5810.000,USDT
2026-04-04,2450.000,USDT
2026-04-04,13000.00,card
2026-04-04,3500.00,card
2026-04-04,3500.00,card
2026-04-04,2450.000,USDT
2026-04-04,5500.00,card
2026-04-04,2450.000,USDT
2026-04-04,2450.000,USDT
2026-04-04,2450.000,USDT
2026-04-04,2300.00,BALANCE
2026-04-04,3300.00,card
2026-04-04,2450.000,USDT
2026-04-04,5810.000,USDT
2026-04-04,3300.00,card
2026-04-04,5600.00,BALANCE
2026-04-04,3500.00,card
2026-04-04,5460.000,USDT
2026-04-04,2500.00,card
2026-04-04,2450.000,USDT
2026-04-04,2450.000,USDT
2026-04-04,7800.00,card
2026-04-04,2500.00,card
2026-04-04,2000.00,BALANCE
2026-04-04,3300.00,nirvana
2026-04-04,2000.00,nirvana
2026-04-04,3500.00,BALANCE
2026-04-04,8300.00,card
2026-04-04,9100.000,USDT
2026-04-04,2300.00,BALANCE
2026-04-04,5810.000,USDT
2026-04-04,2450.000,USDT
2026-04-04,5600.00,BALANCE
2026-04-04,2450.000,USDT
2026-04-03,3300.00,BALANCE
2026-04-03,2310.000,USDT
2026-04-03,2500.00,BALANCE
2026-04-03,2500.00,BALANCE
2026-04-03,3500.00,BALANCE
2026-04-03,1500.00,onlypays
2026-04-03,5810.000,USDT
2026-04-03,1750.000,USDT
2026-04-03,2000.00,BALANCE
2026-04-03,5000.00,BALANCE
2026-04-03,5000.00,BALANCE
2026-04-03,3500.00,BALANCE
2026-04-03,2450.000,USDT
2026-04-03,3500.000,USDT
2026-04-03,2000.00,BALANCE
2026-04-03,1600.00,nirvana
2026-04-03,2450.000,USDT
2026-04-03,3300.00,transa
2026-04-03,5460.000,USDT
2026-04-03,5460.000,USDT
2026-04-03,1750.000,USDT
2026-04-03,5460.000,USDT
2026-04-03,3500.000,USDT
2026-04-03,2100.000,USDT
2026-04-03,2450.000,USDT
2026-04-03,5400.00,card
2026-04-03,2000.00,transa
2026-04-03,3500.00,BALANCE
2026-04-03,5000.00,BALANCE
2026-04-03,3500.000,USDT
2026-04-03,2000.00,transa
2026-04-03,3500.000,USDT
2026-04-03,2310.000,USDT
2026-04-03,3500.00,BALANCE
2026-04-03,5000.00,card
2026-04-03,9100.000,USDT
2026-04-03,3780.000,USDT
2026-04-03,3500.00,BALANCE
2026-04-03,2000.00,card
2026-04-03,5000.00,transa
2026-04-03,3500.00,BALANCE
2026-04-03,2310.000,USDT
2026-04-03,5000.00,onlypays
2026-04-03,2310.000,USDT
2026-04-03,8300.00,BALANCE
2026-04-03,1890.000,USDT
2026-04-03,3300.00,BALANCE
2026-04-03,2450.000,USDT
2026-04-03,3500.00,card
2026-04-03,5000.00,transa
2026-04-03,2450.000,USDT
2026-04-03,3300.00,card
2026-04-03,3300.00,BALANCE
2026-04-03,3500.00,card
2026-04-03,1900.00,card
2026-04-03,5000.00,BALANCE
2026-04-03,3500.00,BALANCE
2026-04-03,8300.00,BALANCE
2026-04-03,2450.000,USDT
2026-04-03,2300.00,BALANCE
2026-04-03,2000.00,BALANCE
2026-04-03,2450.000,USDT
2026-04-03,3500.00,card
2026-04-03,5000.00,onlypays
2026-04-03,3920.000,USDT
2026-04-03,2450.000,USDT
2026-04-03,2450.000,USDT
2026-04-03,3500.00,BALANCE
2026-04-03,1400.000,USDT
2026-04-03,3500.00,BALANCE
2026-04-03,2450.000,USDT
2026-04-03,2100.000,USDT
2026-04-03,3500.00,nirvana
2026-04-03,3500.000,USDT
2026-04-03,1610.000,USDT
2026-04-03,5600.00,BALANCE
2026-04-02,3920.000,USDT
2026-04-02,2450.000,USDT
2026-04-02,3500.00,BALANCE
2026-04-02,9100.000,USDT
2026-04-02,2450.000,USDT
2026-04-02,2450.000,USDT
2026-04-02,350.000,USDT
2026-04-02,5950.000,USDT
2026-04-02,3500.00,card
2026-04-02,5950.000,USDT
2026-04-02,5400.00,BALANCE
2026-04-02,2000.00,nirvana
2026-04-02,2000.00,BALANCE
2026-04-02,3500.00,BALANCE
2026-04-02,3500.00,card
2026-04-02,1050.000,USDT
2026-04-02,3500.00,BALANCE
2026-04-02,3500.00,BALANCE
2026-04-02,3500.00,BALANCE
2026-04-02,3780.000,USDT
2026-04-02,3780.000,USDT
2026-04-02,8500.00,card
2026-04-02,2310.000,USDT
2026-04-02,5000.00,BALANCE
2026-04-02,3500.00,BALANCE
2026-04-02,3500.00,BALANCE
2026-04-02,2000.00,card
2026-04-02,3500.00,card
2026-04-02,3500.00,BALANCE
2026-04-02,5000.00,nirvana
2026-04-02,3780.000,USDT
2026-04-02,2450.000,USDT
2026-04-02,1400.000,USDT
2026-04-02,5400.00,BALANCE
2026-04-02,8500.00,card
2026-04-02,2450.000,USDT
2026-04-02,5400.00,card
2026-04-02,3300.00,card
2026-04-02,3500.00,card
2026-04-02,3500.00,card
2026-04-02,2450.000,USDT
2026-04-02,2000.00,BALANCE
2026-04-02,5000.00,BALANCE
2026-04-02,2300.00,BALANCE
2026-04-02,3500.00,BALANCE
2026-04-02,3500.000,USDT
2026-04-02,3500.000,USDT
2026-04-02,3300.00,card
2026-04-02,3500.00,BALANCE
2026-04-02,5400.00,BALANCE
2026-04-02,700.000,USDT
2026-04-02,3500.00,card
2026-04-02,1400.000,USDT
2026-04-02,5400.00,card
2026-04-02,3500.00,BALANCE
2026-04-02,3500.00,card
2026-04-02,5950.000,USDT
2026-04-02,5000.00,nirvana
2026-04-02,5950.000,USDT
2026-04-02,5400.00,card
2026-04-02,1900.00,BALANCE
2026-04-02,5000.00,card
2026-04-02,3780.000,USDT
2026-04-02,3780.000,USDT
2026-04-02,3500.000,USDT
2026-04-02,5000.00,nirvana
2026-04-02,2450.000,USDT
2026-04-02,2000.00,BALANCE
2026-04-01,1750.000,USDT
2026-04-01,5400.00,card
2026-04-01,3500.00,BALANCE
2026-04-01,3780.000,USDT
2026-04-01,3780.000,USDT
2026-04-01,3780.000,USDT
2026-04-01,2450.000,USDT
2026-04-01,5400.00,nirvana
2026-04-01,2450.000,USDT
2026-04-01,9100.000,USDT
2026-04-01,2450.000,USDT
2026-04-01,3500.00,card
2026-04-01,16800.000,USDT
2026-04-01,5000.00,nirvana
2026-04-01,3500.000,USDT
2026-04-01,2000.00,BALANCE
2026-04-01,5400.00,card
2026-04-01,3500.00,card
2026-04-01,5000.00,BALANCE
2026-04-01,3500.00,BALANCE
2026-04-01,3500.00,card
2026-04-01,3300.00,card
2026-04-01,3150.000,USDT
2026-04-01,5400.00,card
2026-04-01,3300.00,BALANCE
2026-04-01,3500.00,BALANCE
2026-04-01,2200.00,nirvana
2026-04-01,5400.00,BALANCE
2026-04-01,3500.00,BALANCE
2026-04-01,3500.000,USDT
2026-04-01,5400.00,card
2026-04-01,3780.000,USDT
2026-04-01,3300.00,card
2026-04-01,5400.00,card
2026-04-01,5000.00,BALANCE
2026-04-01,5000.00,BALANCE
2026-04-01,3500.000,USDT
2026-04-01,5400.00,card
2026-04-01,1890.000,USDT
2026-04-01,3500.00,BALANCE
2026-04-01,3300.00,BALANCE
2026-04-01,5400.00,card
2026-04-01,3500.00,card
2026-04-01,2450.000,USDT
2026-04-01,3300.00,BALANCE
2026-04-01,3500.00,BALANCE
2026-04-01,3300.00,BALANCE
2026-04-01,2450.000,USDT
2026-04-01,3300.00,card
2026-04-01,5000.00,card
2026-04-01,7000.00,onlypays
2026-04-01,2450.000,USDT
2026-04-01,5400.00,BALANCE
2026-04-01,2310.000,USDT
2026-04-01,2450.000,USDT
2026-04-01,3500.00,BALANCE
2026-04-01,24000.00,onlypays
2026-04-01,5000.00,card
2026-04-01,3300.00,card
2026-04-01,5000.00,card
2026-04-01,3500.00,card
2026-04-01,3500.00,card
2026-04-01,3300.00,card
2026-04-01,5000.00,card
2026-04-01,3500.00,card
2026-04-01,3300.00,card
2026-04-01,5950.000,USDT
2026-04-01,3300.00,card
2026-04-01,3780.000,USDT
2026-04-01,3500.00,BALANCE
2026-04-01,3500.00,BALANCE
2026-04-01,3150.000,USDT
2026-04-01,2500.00,card
2026-04-01,3500.00,card
2026-04-01,3500.00,card
2026-04-01,3300.00,card
2026-04-01,3500.00,card
2026-04-01,2500.00,card
2026-04-01,5400.00,card
2026-04-01,3300.00,card
2026-04-01,8500.00,card
2026-04-01,2500.00,card
2026-04-01,3300.00,card
2026-04-01,2000.00,card
2026-04-01,2000.00,card
2026-04-01,5400.00,BALANCE
2026-04-01,3500.00,card
2026-04-01,1400.000,USDT
2026-03-31,2450.000,USDT
2026-03-31,3300.00,BALANCE
2026-03-31,2310.000,USDT
2026-03-31,5950.000,USDT
2026-03-31,2310.000,USDT
2026-03-31,5400.00,BALANCE
2026-03-31,3300.00,BALANCE
2026-03-31,3500.00,card
2026-03-31,3500.00,card
2026-03-31,3500.00,card
2026-03-31,5400.00,card
2026-03-31,3780.000,USDT
2026-03-31,3300.00,BALANCE
2026-03-31,1000.00,card
2026-03-31,2450.000,USDT
2026-03-31,3300.00,card
2026-03-31,3500.00,BALANCE
2026-03-31,13000.00,card
2026-03-31,2450.000,USDT
2026-03-31,9100.000,USDT
2026-03-31,2000.00,card
2026-03-31,2450.000,USDT
2026-03-31,2030.000,USDT
2026-03-31,3780.000,USDT
2026-03-31,5400.00,BALANCE
2026-03-31,2000.00,BALANCE
2026-03-31,2000.00,BALANCE
2026-03-31,3780.000,USDT
2026-03-31,3300.00,BALANCE
2026-03-31,3500.00,card
2026-03-31,2300.00,BALANCE
2026-03-31,2450.000,USDT
2026-03-31,5400.00,card
2026-03-31,3300.00,card
2026-03-31,3300.00,card
2026-03-31,2000.00,nirvana
2026-03-31,3300.00,BALANCE
2026-03-31,3500.00,BALANCE
2026-03-31,2000.00,nirvana
2026-03-31,3300.00,BALANCE
2026-03-31,2450.000,USDT
2026-03-31,5400.00,BALANCE
2026-03-31,5400.00,card
2026-03-31,3010.000,USDT
2026-03-31,2310.000,USDT
2026-03-31,1300.00,card
2026-03-31,2450.000,USDT
2026-03-31,3300.00,BALANCE
2026-03-31,5460.000,USDT
2026-03-31,5950.000,USDT
2026-03-31,3300.00,card
2026-03-31,1000.00,onlypays
2026-03-31,2450.000,USDT
2026-03-31,3300.00,BALANCE
2026-03-31,3500.00,BALANCE
2026-03-31,1000.00,nirvana
2026-03-31,722.5000,LTC
2026-03-31,2450.000,USDT
2026-03-31,2500.00,card
2026-03-31,5500.00,card
2026-03-31,2000.00,nirvana
2026-03-31,5400.00,card
2026-03-31,3300.00,card
2026-03-31,3780.000,USDT
2026-03-31,2500.00,card
2026-03-31,3500.00,BALANCE
2026-03-31,13000.00,card
2026-03-31,3500.00,card
2026-03-31,2450.000,USDT
2026-03-31,5400.00,card
2026-03-31,5000.00,BALANCE
2026-03-31,1445.0000,LTC
2026-03-31,5000.00,BALANCE
2026-03-31,2700.00,card
2026-03-31,2450.000,USDT
2026-03-31,8500.00,card
2026-03-31,8500.00,card
2026-03-31,2450.000,USDT
2026-03-31,5950.000,USDT
2026-03-31,3500.00,card
2026-03-31,8500.00,card
2026-03-31,5400.00,BALANCE
2026-03-31,5950.000,USDT
2026-03-31,5400.00,card
2026-03-31,5000.00,onlypays
2026-03-31,3300.00,card
2026-03-31,2000.00,card
2026-03-31,3780.000,USDT
2026-03-31,3500.00,card
2026-03-30,5400.00,card
2026-03-30,2450.000,USDT
2026-03-30,3500.00,card
2026-03-30,3300.00,BALANCE
2026-03-30,13000.00,card
2026-03-30,3300.00,BALANCE
2026-03-30,3500.000,USDT
2026-03-30,3780.000,USDT
2026-03-30,2450.000,USDT
2026-03-30,2000.00,nirvana
2026-03-30,5950.000,USDT
2026-03-30,5950.000,USDT
2026-03-30,2310.000,USDT
2026-03-30,3500.00,BALANCE
2026-03-30,2500.00,card
2026-03-30,2450.000,USDT
2026-03-30,3780.000,USDT
2026-03-30,5000.00,card
2026-03-30,2450.000,USDT
2026-03-30,3500.00,card
2026-03-30,2310.000,USDT
2026-03-30,3300.00,card
2026-03-30,5950.000,USDT
2026-03-30,3500.00,BALANCE
2026-03-30,3780.000,USDT
2026-03-30,3500.00,BALANCE
2026-03-30,2450.000,USDT
2026-03-30,2450.000,USDT
2026-03-30,2310.000,USDT
2026-03-30,5400.00,BALANCE
2026-03-30,5400.00,BALANCE
2026-03-30,3300.00,card
2026-03-30,3780.000,USDT
2026-03-30,3300.00,card
2026-03-30,1700.0000,LTC
2026-03-30,5400.00,card
2026-03-30,2000.00,BALANCE
2026-03-30,2450.000,USDT
2026-03-30,700.00,nirvana
2026-03-30,2000.00,card
2026-03-30,3500.00,card
2026-03-30,3780.000,USDT
2026-03-30,8500.00,BALANCE
2026-03-30,5400.00,BALANCE
2026-03-30,3500.00,card
2026-03-30,2310.000,USDT
2026-03-30,5400.00,BALANCE
2026-03-30,4830.000,USDT
2026-03-30,3500.00,card
2026-03-30,3780.000,USDT
2026-03-30,5400.00,BALANCE
2026-03-30,2100.000,USDT
2026-03-30,3300.00,BALANCE
2026-03-30,2450.000,USDT
2026-03-30,5400.00,card
2026-03-30,2450.000,USDT
2026-03-30,2500.00,card
2026-03-30,3780.000,USDT
2026-03-30,3780.000,USDT
2026-03-30,2000.00,card
2026-03-30,2450.000,USDT
2026-03-30,5000.00,BALANCE
2026-03-30,2100.000,USDT
2026-03-30,5400.00,card
2026-03-30,8500.00,card
2026-03-30,3500.00,BALANCE
2026-03-30,5950.000,USDT
2026-03-30,14000.00,reptiloid
2026-03-30,3780.000,USDT
2026-03-30,3780.000,USDT
2026-03-30,3500.00,BALANCE
2026-03-30,2450.000,USDT
2026-03-30,5400.00,reptiloid
2026-03-30,5400.00,reptiloid
2026-03-30,5400.00,reptiloid
2026-03-30,5400.00,reptiloid
2026-03-30,7800.00,reptiloid
2026-03-30,3780.000,USDT
2026-03-30,5400.00,reptiloid
2026-03-29,3500.00,reptiloid
2026-03-29,2450.000,USDT
2026-03-29,5400.00,BALANCE
2026-03-29,2450.000,USDT
2026-03-29,3500.000,USDT
2026-03-29,3780.000,USDT
2026-03-29,3780.000,USDT
2026-03-29,2450.000,USDT
2026-03-29,3300.00,BALANCE
2026-03-29,2000.00,nirvana
2026-03-29,2450.000,USDT
2026-03-29,3500.00,BALANCE
2026-03-29,3300.00,BALANCE
2026-03-29,2310.000,USDT
2026-03-29,8500.00,BALANCE
2026-03-29,3780.000,USDT
2026-03-29,5000.00,card
2026-03-29,7800.00,BALANCE
2026-03-29,3500.00,card
2026-03-29,3500.00,BALANCE
2026-03-29,3500.00,BALANCE
2026-03-29,3010.000,USDT
2026-03-29,5400.00,card
2026-03-29,3300.00,card
2026-03-29,5400.00,BALANCE
2026-03-29,3500.00,card
2026-03-29,5400.00,card
2026-03-29,7000.00,card
2026-03-29,5000.00,BALANCE
2026-03-29,5400.00,card
2026-03-29,2500.00,card
2026-03-29,5400.00,card
2026-03-29,3300.00,BALANCE
2026-03-29,2000.00,nirvana
2026-03-29,8500.00,BALANCE
2026-03-29,2310.000,USDT
2026-03-29,5460.000,USDT
2026-03-29,3500.00,card
2026-03-29,3500.00,BALANCE
2026-03-29,5400.00,BALANCE
2026-03-29,2500.00,card
2026-03-29,5400.00,card
2026-03-29,3500.000,USDT
2026-03-29,2500.00,card
2026-03-29,3570.000,USDT
2026-03-29,2450.000,USDT
2026-03-29,5400.00,card
2026-03-29,3500.00,card
2026-03-29,3500.00,BALANCE
2026-03-29,1000.00,card
2026-03-29,2500.00,card
2026-03-29,3300.00,BALANCE
2026-03-29,3500.00,BALANCE
2026-03-29,5400.00,BALANCE
2026-03-29,2310.000,USDT
2026-03-29,3780.000,USDT
2026-03-29,5400.00,card
2026-03-29,3500.00,BALANCE
2026-03-29,3500.00,BALANCE
2026-03-29,3300.00,nirvana
2026-03-29,5400.00,BALANCE
2026-03-29,1400.000,USDT
2026-03-29,3300.00,card
2026-03-29,5000.00,card
2026-03-29,2000.00,nirvana
2026-03-29,8500.00,card
2026-03-29,8500.00,BALANCE
2026-03-29,5400.00,card
2026-03-29,3500.00,BALANCE
2026-03-29,3300.00,BALANCE
2026-03-29,3780.000,USDT
2026-03-29,2310.000,USDT
2026-03-29,5460.000,USDT
2026-03-29,2450.000,USDT
2026-03-29,4200.000,USDT
2026-03-29,3300.00,card
2026-03-29,2000.00,nirvana
2026-03-29,2450.000,USDT
2026-03-29,3500.00,card
2026-03-29,2450.000,USDT
2026-03-29,5400.00,card
2026-03-29,3780.000,USDT
2026-03-29,3780.000,USDT
2026-03-29,2450.000,USDT
2026-03-28,5000.00,BALANCE
2026-03-28,5400.00,BALANCE
2026-03-28,3500.00,BALANCE
2026-03-28,2500.00,BALANCE
2026-03-28,2000.00,BALANCE
2026-03-28,5000.00,BALANCE
2026-03-28,1750.000,USDT
2026-03-28,1890.000,USDT
2026-03-28,2030.000,USDT
2026-03-28,8500.00,BALANCE
2026-03-28,2310.000,USDT
2026-03-28,3500.00,BALANCE
2026-03-28,2450.000,USDT
2026-03-28,2000.00,BALANCE
2026-03-28,8500.00,BALANCE
2026-03-28,2450.000,USDT
2026-03-28,3300.00,BALANCE
2026-03-28,5400.00,card
2026-03-28,2450.000,USDT
2026-03-28,3500.00,card
2026-03-28,3780.000,USDT
2026-03-28,3500.00,card
2026-03-28,2000.00,nirvana
2026-03-28,2000.00,BALANCE
2026-03-28,2000.00,nirvana
2026-03-28,5400.00,BALANCE
2026-03-28,8500.00,nirvana
2026-03-28,2000.00,card
2026-03-28,3300.00,BALANCE
2026-03-28,3780.000,USDT
2026-03-28,1000.00,card
2026-03-28,3500.00,card
2026-03-28,2300.00,BALANCE
2026-03-28,3500.00,card
2026-03-28,3500.00,BALANCE
2026-03-28,5400.00,BALANCE
2026-03-28,3500.00,BALANCE
2026-03-28,2030.000,USDT
2026-03-28,2000.00,card
2026-03-28,8500.00,card
2026-03-28,2450.000,USDT
2026-03-28,5000.00,BALANCE
2026-03-28,2450.000,USDT
2026-03-28,3290.000,USDT
2026-03-28,3780.000,USDT
2026-03-28,5000.00,card
2026-03-28,5000.00,card
2026-03-28,5400.00,card
2026-03-28,8500.00,BALANCE
2026-03-28,3500.00,card
2026-03-28,2300.00,BALANCE
