date_time,amount,method
2026-04-10 15:00:26.428586,1000.00,BALANCE
2026-04-10 14:54:13.466901,4000.00,card
2026-04-10 14:34:07.965806,1900.00,BALANCE
2026-04-10 14:27:22.12741,3200.00,BALANCE
2026-04-10 14:11:38.879779,2500.00,BALANCE
2026-04-10 14:03:34.599233,4000.00,card
2026-04-10 13:50:29.79433,3000.00,card
2026-04-10 13:29:03.79683,1900.00,BALANCE
2026-04-10 13:27:50.033294,1700.00,BALANCE
2026-04-10 13:22:09.262798,4000.00,card
2026-04-10 12:58:18.895065,50.00,BALANCE
2026-04-10 12:52:19.45454,2600.00,card
2026-04-10 12:48:08.376145,4200.00,card
2026-04-10 12:40:17.197728,3900.00,card
2026-04-10 12:18:06.198009,4200.00,BALANCE
2026-04-10 12:14:13.510918,4000.00,card
2026-04-10 11:55:28.864589,7200.00,BALANCE
2026-04-10 11:45:55.462555,2800.000,USDT
2026-04-10 11:24:22.81908,4200.00,nirvana
2026-04-10 11:23:53.397006,4200.00,BALANCE
2026-04-10 11:23:36.226163,1900.00,BALANCE
2026-04-10 11:23:27.190371,3900.00,BALANCE
2026-04-10 11:22:37.53057,4200.00,BALANCE
2026-04-10 11:18:45.755284,0.00,BALANCE
2026-04-10 11:16:53.433521,0.00,BALANCE
2026-04-10 11:13:26.004169,3700.00,BALANCE
2026-04-10 11:13:00.49137,2900.00,card
2026-04-10 11:11:24.533687,2800.000,USDT
2026-04-10 11:04:30.721578,4200.00,card
2026-04-10 10:58:34.875406,4000.00,card
2026-04-10 10:54:23.789939,4000.00,BALANCE
2026-04-10 10:35:48.637811,0.00,BALANCE
2026-04-10 10:26:46.008889,3000.00,card
2026-04-10 09:57:54.896942,4000.00,card
2026-04-10 09:49:17.621847,3900.00,card
2026-04-10 09:48:36.669723,2900.00,card
2026-04-10 09:42:37.237723,2200.00,card
2026-04-10 09:39:39.90206,7200.00,card
2026-04-10 09:29:36.906339,4000.00,card
2026-04-10 09:25:31.844075,2900.00,BALANCE
2026-04-10 09:17:49.311217,2900.00,card
2026-04-10 09:01:47.94056,2000.00,BALANCE
2026-04-10 08:59:06.791647,4000.00,card
2026-04-10 08:50:44.990211,2900.00,card
2026-04-10 08:43:16.699235,4000.00,card
2026-04-10 07:42:55.417824,4000.00,card
2026-04-10 07:29:49.470234,4000.00,card
2026-04-10 07:17:12.132256,2900.00,card
2026-04-10 06:44:13.197038,2900.00,nirvana
2026-04-10 06:44:10.655158,4000.00,BALANCE
2026-04-10 06:27:38.732508,600.00,BALANCE
2026-04-10 03:32:04.818526,0.00,BALANCE
2026-04-10 01:10:14.644578,3900.00,card
2026-04-10 00:43:48.460435,4200.00,card
2026-04-09 21:51:20.376767,0.00,BALANCE
2026-04-09 21:44:55.867318,4200.00,BALANCE
2026-04-09 21:35:49.725695,6900.00,BALANCE
2026-04-09 21:35:29.862371,2800.000,USDT
2026-04-09 21:30:52.984086,2660.000,USDT
2026-04-09 21:20:55.053631,0.00,BALANCE
2026-04-09 21:17:21.368657,0.00,BALANCE
2026-04-09 21:08:07.763832,0.00,BALANCE
2026-04-09 20:58:46.897415,3200.00,BALANCE
2026-04-09 20:22:22.121857,4200.00,card
2026-04-09 20:12:45.962162,1700.00,BALANCE
2026-04-09 19:15:08.295231,2000.00,BALANCE
2026-04-09 18:59:34.092456,3000.00,BALANCE
2026-04-09 18:55:20.578819,2940.000,USDT
2026-04-09 18:48:24.597405,3000.00,BALANCE
2026-04-09 18:48:17.797171,3900.00,BALANCE
2026-04-09 18:43:53.738227,4000.00,BALANCE
2026-04-09 18:41:48.855331,4200.00,BALANCE
2026-04-09 18:17:22.215712,2800.00,BALANCE
2026-04-09 18:12:34.714812,2800.000,USDT
2026-04-09 18:02:39.122106,1100.00,BALANCE
2026-04-09 17:57:45.235398,4000.00,card
2026-04-09 17:42:37.718807,4000.00,card
2026-04-09 17:37:55.072544,1900.00,BALANCE
2026-04-09 17:35:18.862826,0.00,BALANCE
2026-04-09 17:34:01.388127,4200.00,card
2026-04-09 17:22:31.730556,2900.00,card
2026-04-09 17:01:37.481087,4000.00,card
2026-04-09 16:54:18.964673,4200.00,BALANCE
2026-04-09 16:42:11.234564,1050.00,BALANCE
2026-04-09 16:37:54.268366,0.00,BALANCE
2026-04-09 16:30:25.236688,3200.00,BALANCE
2026-04-09 16:22:30.5211,3000.00,BALANCE
2026-04-09 15:29:24.579638,4000.00,BALANCE
2026-04-09 15:22:46.28142,2800.000,USDT
2026-04-09 15:20:21.865222,0.00,BALANCE
2026-04-09 15:04:31.815949,3800.00,card
2026-04-09 15:01:35.563983,5040.000,USDT
2026-04-09 14:37:45.323998,4200.00,nirvana
2026-04-09 14:18:58.326561,3500.00,BALANCE
2026-04-09 14:16:18.893518,1200.00,BALANCE
2026-04-09 14:11:22.780487,2465.0000,LTC
2026-04-09 14:07:56.244107,4200.00,card
2026-04-09 14:03:57.063361,500.00,BALANCE
2026-04-09 14:03:34.085979,2800.000,USDT
2026-04-09 14:00:53.204378,4200.00,BALANCE
2026-04-09 13:54:28.714358,100.00,BALANCE
2026-04-09 13:39:48.982166,3000.00,card
2026-04-09 13:21:48.577467,2900.00,card
2026-04-09 13:15:08.070548,4200.00,BALANCE
2026-04-09 12:48:59.506076,4200.00,card
2026-04-09 12:40:48.421159,2000.00,card
2026-04-09 12:39:04.306209,1900.00,BALANCE
2026-04-09 12:34:02.987591,700.00,BALANCE
2026-04-09 12:16:31.183544,0.00,BALANCE
2026-04-09 12:08:27.586382,4000.00,BALANCE
2026-04-09 12:08:14.401588,6900.00,card
2026-04-09 12:05:03.137842,4000.00,BALANCE
2026-04-09 12:04:48.702646,2310.000,USDT
2026-04-09 11:42:07.786057,4000.00,BALANCE
2026-04-09 10:50:21.048307,4000.00,BALANCE
2026-04-09 10:24:35.292164,1900.00,nirvana
2026-04-09 10:09:30.151507,4200.00,BALANCE
2026-04-09 10:03:49.562967,2900.00,card
2026-04-09 09:56:54.985146,4200.00,card
2026-04-09 09:24:45.932558,3900.00,card
2026-04-09 09:09:16.595466,4000.00,BALANCE
2026-04-09 08:41:39.101724,3900.00,card
2026-04-09 08:39:56.120327,2800.000,USDT
2026-04-09 08:23:47.157861,3400.0000,LTC
2026-04-09 06:53:39.278172,4000.00,card
2026-04-09 04:34:02.561411,0.00,BALANCE
2026-04-09 00:59:10.34946,1900.00,BALANCE
2026-04-09 00:44:43.472333,3800.00,BALANCE
2026-04-09 00:13:33.73531,7200.00,BALANCE
2026-04-08 22:55:29.494526,2465.0000,LTC
2026-04-08 22:26:14.928531,2400.00,BALANCE
2026-04-08 22:16:07.927084,4200.00,BALANCE
2026-04-08 21:49:39.200683,2900.00,BALANCE
2026-04-08 21:45:42.725318,0.00,BALANCE
2026-04-08 21:44:57.740393,3900.00,BALANCE
2026-04-08 21:25:37.961571,4000.00,BALANCE
2026-04-08 21:07:57.102618,2900.00,BALANCE
2026-04-08 20:03:36.019284,0.00,BALANCE
2026-04-08 19:54:37.819388,2900.00,nirvana
2026-04-08 19:51:31.699556,4000.00,BALANCE
2026-04-08 19:35:52.698261,2400.00,BALANCE
2026-04-08 19:35:28.561266,4000.00,BALANCE
2026-04-08 19:28:39.324143,300.00,BALANCE
2026-04-08 19:24:13.544618,2800.000,USDT
2026-04-08 19:20:21.51137,2900.00,BALANCE
2026-04-08 19:04:58.396668,2310.000,USDT
2026-04-08 18:59:02.661343,2800.000,USDT
2026-04-08 18:27:43.88878,4000.00,BALANCE
2026-04-08 18:20:28.867636,0.00,BALANCE
2026-04-08 18:15:58.778186,2940.000,USDT
2026-04-08 18:14:37.2614,2030.000,USDT
2026-04-08 17:57:01.512525,4000.00,BALANCE
2026-04-08 17:27:50.445312,1900.00,BALANCE
2026-04-08 17:20:28.915433,2900.00,BALANCE
2026-04-08 17:11:32.923588,2000.00,BALANCE
2026-04-08 17:00:03.638313,2900.00,BALANCE
2026-04-08 16:59:05.640555,1900.00,BALANCE
2026-04-08 16:58:33.841871,2900.00,BALANCE
2026-04-08 16:56:42.875983,4000.00,BALANCE
2026-04-08 16:50:32.917981,2800.000,USDT
2026-04-08 16:42:35.586279,4200.00,BALANCE
2026-04-08 16:33:48.53289,3300.00,BALANCE
2026-04-08 16:30:58.088714,7200.00,BALANCE
2026-04-08 16:29:13.946274,2900.00,card
2026-04-08 16:23:40.069645,3800.00,card
2026-04-08 16:19:25.117657,2900.00,card
2026-04-08 15:26:16.379966,5040.000,USDT
2026-04-08 15:22:19.312565,4000.00,BALANCE
2026-04-08 15:21:08.16444,2940.000,USDT
2026-04-08 15:10:36.848464,2730.000,USDT
2026-04-08 14:48:21.445682,1650.00,BALANCE
2026-04-08 14:39:18.25791,1330.000,USDT
2026-04-08 13:56:12.879172,2100.00,BALANCE
2026-04-08 13:44:43.007133,4000.00,onlypays
2026-04-08 13:27:33.886626,0.00,BALANCE
2026-04-08 13:13:01.218197,6900.00,BALANCE
2026-04-08 13:12:16.790943,4000.00,BALANCE
2026-04-08 13:01:14.684394,2800.000,USDT
2026-04-08 12:58:42.977389,3800.00,BALANCE
2026-04-08 12:45:38.039657,4000.00,BALANCE
2026-04-08 12:45:19.689523,100.00,BALANCE
2026-04-08 12:44:33.760473,2800.000,USDT
2026-04-08 12:44:20.148959,2700.00,BALANCE
2026-04-08 12:35:05.495813,3400.0000,LTC
2026-04-08 12:17:02.270054,3000.00,BALANCE
2026-04-08 12:14:30.782349,900.00,BALANCE
2026-04-08 11:19:43.7304,1900.00,BALANCE
2026-04-08 11:12:45.671802,2030.000,USDT
2026-04-08 11:06:36.720081,2660.000,USDT
2026-04-08 11:04:26.286442,2940.000,USDT
2026-04-08 11:00:00.300065,300.00,BALANCE
2026-04-08 10:46:15.234,2900.00,BALANCE
2026-04-08 10:40:43.301821,2800.000,USDT
2026-04-08 10:18:56.665739,4000.00,BALANCE
2026-04-08 10:11:01.809555,7200.00,BALANCE
2026-04-08 09:01:50.866983,1200.00,BALANCE
2026-04-08 08:30:04.827577,2800.000,USDT
2026-04-08 07:41:40.226668,4100.00,BALANCE
2026-04-08 00:35:24.513009,1100.00,BALANCE
2026-04-08 00:08:32.373575,0.00,BALANCE
2026-04-07 23:54:27.243133,2940.000,USDT
2026-04-07 22:34:25.525429,4000.00,BALANCE
2026-04-07 22:05:23.253564,0.00,BALANCE
2026-04-07 21:50:26.472182,4200.00,nirvana
2026-04-07 21:50:07.472784,2900.00,nirvana
2026-04-07 21:48:40.482949,4830.000,USDT
2026-04-07 21:45:41.624726,2800.000,USDT
2026-04-07 20:55:19.873703,2900.00,BALANCE
2026-04-07 20:50:15.129712,3400.0000,LTC
2026-04-07 20:40:07.770537,4000.00,BALANCE
2026-04-07 20:29:46.093166,2940.000,USDT
2026-04-07 20:11:08.51628,2030.000,USDT
2026-04-07 19:50:10.379996,2940.000,USDT
2026-04-07 19:29:01.406527,4200.00,BALANCE
2026-04-07 19:26:53.264489,0.00,BALANCE
2026-04-07 19:02:30.041273,4000.00,BALANCE
2026-04-07 18:55:38.654356,2800.000,USDT
2026-04-07 18:48:12.922964,4000.00,BALANCE
2026-04-07 18:45:19.667822,0.00,BALANCE
2026-04-07 18:20:22.137302,800.00,BALANCE
2026-04-07 18:18:35.74487,3400.0000,LTC
2026-04-07 18:17:29.04582,2940.000,USDT
2026-04-07 18:16:49.817726,2800.000,USDT
2026-04-07 18:04:11.363092,0.00,BALANCE
2026-04-07 18:01:59.625072,4000.00,BALANCE
2026-04-07 18:01:48.623837,3400.0000,LTC
2026-04-07 18:01:27.608678,4000.00,BALANCE
2026-04-07 18:01:23.244796,2900.00,BALANCE
2026-04-07 18:00:35.76466,2000.00,BALANCE
2026-04-07 17:55:20.468454,3900.00,BALANCE
2026-04-07 17:52:09.821449,0.00,BALANCE
2026-04-07 17:14:22.770167,2940.000,USDT
2026-04-07 17:04:32.004395,3800.00,card
2026-04-07 17:02:14.367145,3800.00,BALANCE
2026-04-07 16:52:18.97422,1900.00,BALANCE
2026-04-07 16:44:08.436238,1000.00,BALANCE
2026-04-07 16:39:27.400026,4000.00,BALANCE
2026-04-07 16:36:39.139926,0.00,BALANCE
2026-04-07 16:26:09.870409,2900.00,card
2026-04-07 16:16:20.771779,4400.00,card
2026-04-07 16:09:45.815592,4000.00,BALANCE
2026-04-07 15:59:45.801251,4200.00,BALANCE
2026-04-07 15:56:49.696726,3300.00,BALANCE
2026-04-07 15:51:44.680195,4000.00,BALANCE
2026-04-07 15:51:37.774818,2900.00,BALANCE
2026-04-07 15:36:10.018294,2900.00,BALANCE
2026-04-07 15:16:14.548267,0.00,BALANCE
2026-04-07 15:11:12.371417,3200.00,BALANCE
2026-04-07 14:47:37.067772,4200.00,BALANCE
2026-04-07 14:33:12.429462,4000.00,BALANCE
2026-04-07 14:32:39.637791,2940.000,USDT
2026-04-07 14:17:31.946679,4200.00,BALANCE
2026-04-07 14:08:52.373802,4000.00,BALANCE
2026-04-07 13:54:14.04424,2940.000,USDT
2026-04-07 13:49:53.203633,4000.00,BALANCE
2026-04-07 13:41:11.368421,4200.00,BALANCE
2026-04-07 13:40:13.529563,4000.00,BALANCE
2026-04-07 13:40:02.417218,4000.00,BALANCE
2026-04-07 13:38:33.562595,3300.00,BALANCE
2026-04-07 13:37:55.345906,3000.00,BALANCE
2026-04-07 13:32:12.769137,4000.00,BALANCE
2026-04-07 13:20:49.497695,3700.00,BALANCE
2026-04-07 13:20:41.888625,3300.00,BALANCE
2026-04-07 13:12:59.78558,4200.00,BALANCE
2026-04-07 13:12:49.679864,0.00,BALANCE
2026-04-07 13:03:59.93815,4000.00,BALANCE
2026-04-07 12:57:25.439855,3900.00,BALANCE
2026-04-07 12:56:07.720197,2500.00,BALANCE
2026-04-07 12:50:44.741582,4000.00,BALANCE
2026-04-07 12:32:23.837389,1900.00,BALANCE
2026-04-07 12:21:52.607803,4000.00,BALANCE
2026-04-07 12:03:01.821639,2310.000,USDT
2026-04-07 11:42:37.614493,4000.00,BALANCE
2026-04-07 11:32:42.872664,4000.00,card
2026-04-07 11:32:36.731714,4000.00,card
2026-04-07 11:30:23.663858,1100.00,BALANCE
2026-04-07 11:27:02.369931,0.00,BALANCE
2026-04-07 11:23:48.596249,450.00,BALANCE
2026-04-07 11:17:42.124109,3700.00,BALANCE
2026-04-07 11:08:19.078122,2900.00,BALANCE
2026-04-07 11:06:10.470883,2900.00,BALANCE
2026-04-07 10:51:19.80611,3000.00,BALANCE
2026-04-07 10:46:16.546651,2600.00,BALANCE
2026-04-07 09:40:35.699974,2800.000,USDT
2026-04-07 07:40:12.636421,2310.000,USDT
2026-04-07 07:08:24.223951,5040.000,USDT
2026-04-07 07:03:57.882309,2660.000,USDT
2026-04-07 04:55:34.025506,7200.00,BALANCE
2026-04-07 04:42:30.746377,4000.00,BALANCE
2026-04-07 04:18:11.109284,2310.000,USDT
2026-04-07 01:51:41.9335,0.00,BALANCE
2026-04-06 23:27:51.614365,3000.00,card
2026-04-06 23:19:44.806436,3200.00,BALANCE
2026-04-06 22:45:49.83158,4200.00,BALANCE
2026-04-06 22:38:28.026306,1300.00,BALANCE
2026-04-06 22:38:20.828491,4200.00,BALANCE
2026-04-06 22:34:17.822857,2940.000,USDT
2026-04-06 22:12:10.566045,0.00,BALANCE
2026-04-06 21:48:53.452591,2940.000,USDT
2026-04-06 21:14:11.519968,2800.000,USDT
2026-04-06 21:11:03.490557,4000.00,BALANCE
2026-04-06 21:03:44.704012,3300.00,BALANCE
2026-04-06 21:02:25.546703,0.00,BALANCE
2026-04-06 20:50:54.988341,2900.00,nirvana
2026-04-06 20:44:49.341997,1300.00,BALANCE
2026-04-06 20:25:31.165098,2940.000,USDT
2026-04-06 20:16:21.185196,3000.00,BALANCE
2026-04-06 20:12:14.303185,1600.00,BALANCE
2026-04-06 19:59:21.488417,0.00,BALANCE
2026-04-06 19:53:43.882788,100.00,BALANCE
2026-04-06 19:50:17.878774,3200.00,BALANCE
2026-04-06 19:50:13.713028,7200.00,BALANCE
2026-04-06 19:47:32.123629,2800.000,USDT
2026-04-06 19:42:15.918994,7200.00,BALANCE
2026-04-06 19:41:09.483407,3000.00,BALANCE
2026-04-06 19:40:01.783478,1900.00,nirvana
2026-04-06 18:55:00.800689,3000.00,card
2026-04-06 18:44:04.085935,1300.00,BALANCE
2026-04-06 18:42:05.964826,4000.00,BALANCE
2026-04-06 18:38:11.732587,3000.00,card
2026-04-06 18:06:39.610386,0.00,BALANCE
2026-04-06 17:56:30.869607,1600.00,BALANCE
2026-04-06 17:55:28.381912,4200.00,card
2026-04-06 17:42:54.490237,3800.00,BALANCE
2026-04-06 17:42:28.017343,4200.00,BALANCE
2026-04-06 17:41:45.255412,2900.00,card
2026-04-06 17:37:21.00157,1845.00,BALANCE
2026-04-06 17:29:58.854071,3000.00,card
2026-04-06 17:22:28.610413,4000.00,card
2026-04-06 17:17:28.036464,300.00,BALANCE
2026-04-06 17:12:09.106801,4000.00,card
2026-04-06 17:01:01.522712,3000.00,card
2026-04-06 16:57:31.329904,3315.0000,BTC
2026-04-06 16:56:35.702099,4000.00,BALANCE
2026-04-06 16:56:33.670249,3800.00,BALANCE
2026-04-06 16:49:20.937589,4200.00,BALANCE
2026-04-06 16:19:55.135902,4200.00,card
2026-04-06 16:13:54.725815,3800.00,card
2026-04-06 16:13:46.89034,3000.00,card
2026-04-06 15:49:48.586451,0.00,BALANCE
2026-04-06 15:42:25.929163,3000.00,BALANCE
2026-04-06 15:39:54.601564,4000.00,BALANCE
2026-04-06 15:30:19.725338,1500.00,BALANCE
2026-04-06 15:16:45.271097,7200.00,BALANCE
2026-04-06 14:31:28.965865,0.00,BALANCE
2026-04-06 14:25:11.401287,7200.00,card
2026-04-06 14:18:04.676655,2900.00,card
2026-04-06 14:16:38.674055,1900.00,card
2026-04-06 14:15:04.787012,2900.00,card
2026-04-06 14:14:32.146023,2800.000,USDT
2026-04-06 14:12:19.443905,4000.00,card
2026-04-06 14:11:34.5983,4200.00,BALANCE
2026-04-06 14:10:53.734244,2900.00,BALANCE
2026-04-06 13:52:48.639257,0.00,BALANCE
2026-04-06 13:38:20.560453,4200.00,card
2026-04-06 13:21:25.036618,0.00,BALANCE
2026-04-06 13:08:56.839882,1900.00,BALANCE
2026-04-06 13:03:41.426346,4000.00,BALANCE
2026-04-06 13:01:39.381345,4200.00,BALANCE
2026-04-06 12:57:28.668047,7100.00,BALANCE
2026-04-06 12:55:21.214393,4200.00,BALANCE
2026-04-06 12:45:20.020947,4200.00,BALANCE
2026-04-06 12:34:47.003111,2400.00,card
2026-04-06 12:33:21.432717,3800.00,card
2026-04-06 12:32:53.450301,3300.00,BALANCE
2026-04-06 12:24:02.844025,3400.0000,LTC
2026-04-06 11:52:36.124433,4000.00,BALANCE
2026-04-06 11:48:25.716837,2200.00,BALANCE
2026-04-06 11:47:14.083429,3000.00,BALANCE
2026-04-06 11:37:52.330155,7200.00,BALANCE
2026-04-06 11:36:27.771295,4300.00,BALANCE
2026-04-06 11:32:21.669367,3000.00,BALANCE
2026-04-06 11:31:19.534094,0.00,BALANCE
2026-04-06 11:16:21.253249,4200.00,card
2026-04-06 11:11:45.475976,2800.000,USDT
2026-04-06 10:57:41.529764,2940.000,USDT
2026-04-06 10:30:55.857908,900.00,BALANCE
2026-04-06 10:05:46.168858,2465.0000,LTC
2026-04-06 10:04:09.521961,4000.00,card
2026-04-06 09:36:02.986122,4000.00,card
2026-04-06 09:24:57.347046,4200.00,card
2026-04-06 08:07:22.706922,0.00,BALANCE
2026-04-06 07:56:25.917468,500.00,BALANCE
2026-04-06 06:39:25.406948,1330.000,USDT
2026-04-06 03:42:42.344612,3900.00,BALANCE
2026-04-06 03:39:49.852362,2800.000,USDT
2026-04-06 02:14:34.397157,2800.000,USDT
2026-04-06 01:32:05.493762,4000.00,BALANCE
2026-04-06 00:44:10.834883,4000.00,card
2026-04-06 00:33:13.605755,7200.00,BALANCE
2026-04-05 23:43:30.347125,2940.000,USDT
2026-04-05 23:25:12.632532,2940.000,USDT
2026-04-05 23:11:03.336414,1800.00,BALANCE
2026-04-05 23:01:09.043327,2800.000,USDT
2026-04-05 23:00:22.448368,7200.00,BALANCE
2026-04-05 22:57:23.4797,4000.00,BALANCE
2026-04-05 21:34:55.61334,4400.00,BALANCE
2026-04-05 21:31:35.47491,4000.00,BALANCE
2026-04-05 21:20:38.494348,6120.0000,LTC
2026-04-05 21:15:32.446178,3000.00,BALANCE
2026-04-05 20:09:06.296482,1900.00,BALANCE
2026-04-05 20:07:59.996953,900.00,BALANCE
2026-04-05 19:06:18.97978,0.00,BALANCE
2026-04-05 18:59:27.759983,2660.000,USDT
2026-04-05 18:55:29.571327,4200.00,BALANCE
2026-04-05 18:17:35.272568,2800.000,USDT
2026-04-05 17:54:21.61115,3000.00,BALANCE
2026-04-05 17:54:11.926709,2940.000,USDT
2026-04-05 16:59:55.381809,4000.00,BALANCE
2026-04-05 16:59:20.199449,4000.00,card
2026-04-05 15:56:07.5785,1300.00,BALANCE
2026-04-05 15:54:49.349871,3300.00,card
2026-04-05 15:50:54.793913,0.00,BALANCE
2026-04-05 15:47:38.839717,4000.00,card
2026-04-05 15:15:33.926618,1100.00,BALANCE
2026-04-05 14:46:35.259959,3300.00,card
2026-04-05 14:34:01.543352,4000.00,card
2026-04-05 14:10:51.125465,1500.00,BALANCE
2026-04-05 13:57:23.508871,3300.00,BALANCE
2026-04-05 13:38:47.34418,2660.000,USDT
2026-04-05 13:36:29.61386,4000.00,BALANCE
2026-04-05 13:27:21.948282,2000.00,BALANCE
2026-04-05 13:11:52.489803,2700.00,BALANCE
2026-04-05 13:09:56.621972,4000.00,card
2026-04-05 12:28:17.820508,4000.00,BALANCE
2026-04-05 12:18:43.395188,2940.000,USDT
2026-04-05 12:08:27.830835,3000.00,BALANCE
2026-04-05 10:59:22.21009,2940.000,USDT
2026-04-05 10:56:53.475775,4000.00,BALANCE
2026-04-05 10:52:16.025794,4000.00,BALANCE
2026-04-05 10:39:02.095115,3900.00,BALANCE
2026-04-05 10:32:39.135085,300.00,BALANCE
2026-04-05 10:32:19.19588,4000.00,BALANCE
2026-04-05 10:28:36.136768,4000.00,BALANCE
2026-04-05 10:23:30.233403,2900.00,BALANCE
2026-04-05 10:13:45.557242,2800.000,USDT
2026-04-05 08:56:13.566958,3400.0000,LTC
2026-04-05 08:28:28.968534,2800.000,USDT
2026-04-05 07:45:20.329597,4000.00,BALANCE
2026-04-05 07:36:26.413673,2900.00,BALANCE
2026-04-05 07:23:21.144267,2800.000,USDT
2026-04-05 03:04:51.890528,4000.00,BALANCE
2026-04-05 02:37:37.233039,2900.00,BALANCE
2026-04-05 00:30:30.152069,3800.00,BALANCE
2026-04-05 00:27:13.734844,2400.00,BALANCE
2026-04-05 00:18:10.748356,1100.00,BALANCE
2026-04-04 23:41:21.109419,2030.000,USDT
2026-04-04 23:21:51.172995,4200.00,BALANCE
2026-04-04 22:58:39.310943,7200.00,BALANCE
2026-04-04 22:10:58.125392,1300.00,BALANCE
2026-04-04 21:57:24.148066,4000.00,BALANCE
2026-04-04 21:50:50.751121,3000.00,BALANCE
2026-04-04 21:29:14.947712,4200.00,BALANCE
2026-04-04 21:28:58.985218,4000.00,BALANCE
2026-04-04 21:12:13.069341,4000.00,BALANCE
2026-04-04 21:07:49.973033,4000.00,BALANCE
2026-04-04 20:59:14.520811,3000.00,BALANCE
2026-04-04 20:39:22.104595,3800.00,BALANCE
2026-04-04 20:20:58.247624,7200.00,BALANCE
2026-04-04 19:45:44.92318,2660.000,USDT
2026-04-04 19:27:11.670908,4000.00,BALANCE
2026-04-04 19:17:11.673054,3400.0000,LTC
2026-04-04 19:05:06.741276,4000.00,BALANCE
2026-04-04 18:45:24.69946,0.00,BALANCE
2026-04-04 18:41:16.249628,2800.000,USDT
2026-04-04 18:40:35.763606,2200.00,BALANCE
2026-04-04 18:25:59.449388,4000.00,BALANCE
2026-04-04 18:21:03.06143,1900.00,BALANCE
2026-04-04 17:49:56.769319,4000.00,BALANCE
2026-04-04 17:29:44.80907,4000.00,BALANCE
2026-04-04 16:58:28.229631,4000.00,BALANCE
2026-04-04 16:41:47.744084,1000.00,BALANCE
2026-04-04 15:52:31.555907,2300.00,BALANCE
2026-04-04 15:50:42.453518,4000.00,BALANCE
2026-04-04 15:49:48.036811,4000.00,BALANCE
2026-04-04 15:48:56.133376,4000.00,BALANCE
2026-04-04 15:45:27.21193,3800.00,BALANCE
2026-04-04 15:40:33.641432,900.00,BALANCE
2026-04-04 15:17:06.211871,1200.00,BALANCE
2026-04-04 15:13:45.251303,0.00,BALANCE
2026-04-04 15:08:19.686667,6900.00,BALANCE
2026-04-04 14:55:38.600266,1200.00,BALANCE
2026-04-04 14:51:44.338286,2940.000,USDT
2026-04-04 14:44:59.304205,4000.00,BALANCE
2026-04-04 14:38:00.638771,1100.00,BALANCE
2026-04-04 14:35:04.530177,2000.00,BALANCE
2026-04-04 14:30:48.285854,0.00,BALANCE
2026-04-04 14:14:49.382886,3400.0000,LTC
2026-04-04 13:40:29.314627,4200.00,BALANCE
2026-04-04 13:35:22.889288,4000.00,BALANCE
2026-04-04 13:04:37.096151,3230.0000,BTC
2026-04-04 12:59:23.717804,0.00,BALANCE
2026-04-04 12:51:49.612908,0.00,BALANCE
2026-04-04 12:49:28.647487,4200.00,card
2026-04-04 12:46:45.419265,3200.00,BALANCE
2026-04-04 12:44:33.249941,0.00,BALANCE
2026-04-04 12:33:21.439181,1100.00,BALANCE
2026-04-04 12:32:57.847431,4200.00,BALANCE
2026-04-04 12:31:58.817331,3000.00,BALANCE
2026-04-04 12:20:50.835434,3000.00,BALANCE
2026-04-04 12:18:00.77978,4200.00,BALANCE
2026-04-04 12:11:02.98468,4000.00,BALANCE
2026-04-04 11:29:56.260455,4000.00,card
2026-04-04 11:20:28.611404,2465.0000,LTC
2026-04-04 11:09:36.695321,2805.0000,BTC
2026-04-04 10:51:06.476155,2900.00,BALANCE
2026-04-04 10:30:04.021989,2940.000,USDT
2026-04-04 10:26:20.393331,3800.00,BALANCE
2026-04-04 10:25:40.397253,3900.00,card
2026-04-04 10:17:01.351392,4000.00,BALANCE
2026-04-04 10:14:43.369982,2900.00,BALANCE
2026-04-04 09:59:37.558242,3000.00,card
2026-04-04 09:49:37.750026,4200.00,BALANCE
2026-04-04 09:43:33.592728,4000.00,card
2026-04-04 09:26:00.778027,4000.00,card
2026-04-04 07:19:16.249937,4000.00,card
2026-04-04 06:31:39.908966,0.00,BALANCE
2026-04-04 06:16:06.849464,1300.00,BALANCE
2026-04-04 03:00:24.835581,1300.00,BALANCE
2026-04-03 23:46:52.745805,2000.00,BALANCE
2026-04-03 22:43:01.780939,4000.00,card
2026-04-03 22:29:28.975679,2465.0000,LTC
2026-04-03 22:23:23.819119,0.00,BALANCE
2026-04-03 22:15:21.975421,2940.000,USDT
2026-04-03 21:50:39.46847,2550.00,BALANCE
2026-04-03 21:36:49.970146,0.00,BALANCE
2026-04-03 21:34:38.726854,0.00,BALANCE
2026-04-03 21:23:23.228009,4000.00,BALANCE
2026-04-03 20:54:09.393143,3000.00,BALANCE
2026-04-03 20:41:00.652317,4200.00,BALANCE
2026-04-03 20:37:52.544217,5040.000,USDT
2026-04-03 20:36:16.700417,3800.00,BALANCE
2026-04-03 20:33:45.692789,4200.00,BALANCE
2026-04-03 20:32:47.810708,2400.00,BALANCE
2026-04-03 20:00:31.870228,3000.00,BALANCE
2026-04-03 19:53:45.674818,923.00,BALANCE
2026-04-03 19:48:15.39137,0.00,BALANCE
2026-04-03 19:38:14.981244,3400.0000,LTC
2026-04-03 19:36:59.411283,1100.00,BALANCE
2026-04-03 19:31:21.580958,2800.000,USDT
2026-04-03 19:25:37.0181,0.00,BALANCE
2026-04-03 19:17:47.285025,4200.00,BALANCE
2026-04-03 18:46:26.32314,0.00,BALANCE
2026-04-03 18:37:06.848275,1000.00,BALANCE
2026-04-03 18:21:13.234492,2660.000,USDT
2026-04-03 18:14:50.542578,2940.000,USDT
2026-04-03 18:04:50.457551,4000.00,BALANCE
2026-04-03 17:58:25.231141,1300.00,BALANCE
2026-04-03 17:56:09.725351,3800.00,card
2026-04-03 17:39:01.215901,4200.00,BALANCE
2026-04-03 17:34:57.067908,4000.00,BALANCE
2026-04-03 17:29:48.062498,2400.00,BALANCE
2026-04-03 17:24:01.798964,4000.00,card
2026-04-03 17:20:43.678361,4000.00,card
2026-04-03 17:15:50.709875,2900.00,BALANCE
2026-04-03 17:13:55.430578,1000.00,BALANCE
2026-04-03 17:04:43.081585,3900.00,BALANCE
2026-04-03 16:54:22.771246,2000.00,card
2026-04-03 16:50:40.089632,4000.00,card
2026-04-03 16:23:23.184661,900.00,BALANCE
2026-04-03 16:19:33.957519,4200.00,card
2026-04-03 16:14:30.068779,4000.00,card
2026-04-03 15:56:53.052384,3800.00,card
2026-04-03 15:54:22.913154,3000.00,card
2026-04-03 15:19:16.752554,2000.00,BALANCE
2026-04-03 15:19:06.468482,4000.00,card
2026-04-03 15:18:09.533504,2300.00,BALANCE
2026-04-03 15:12:07.641213,2900.00,BALANCE
2026-04-03 15:07:21.891605,4000.00,card
2026-04-03 15:05:04.280426,4000.00,BALANCE
2026-04-03 15:00:15.772239,4000.00,BALANCE
2026-04-03 14:53:04.161273,4200.00,BALANCE
2026-04-03 14:50:23.587781,2030.000,USDT
2026-04-03 14:36:54.253383,2900.00,BALANCE
2026-04-03 14:35:32.863879,4000.00,card
2026-04-03 14:28:41.983549,2660.000,USDT
2026-04-03 14:22:55.870973,7200.00,card
2026-04-03 14:20:31.03384,2940.000,USDT
2026-04-03 14:12:53.750094,4200.00,card
2026-04-03 14:10:31.578819,1100.00,BALANCE
2026-04-03 14:02:15.244007,2660.000,USDT
2026-04-03 13:47:20.796365,4000.00,BALANCE
2026-04-03 13:45:39.211769,1000.00,BALANCE
2026-04-03 13:36:41.09862,0.00,BALANCE
2026-04-03 13:32:40.262022,0.00,BALANCE
2026-04-03 13:24:22.567222,4000.00,BALANCE
2026-04-03 13:14:36.615217,5900.00,BALANCE
2026-04-03 13:11:03.28825,4200.00,card
2026-04-03 13:01:58.608833,0.00,BALANCE
2026-04-03 12:56:19.891237,4000.00,BALANCE
2026-04-03 12:40:16.157173,1500.00,BALANCE
2026-04-03 12:27:12.191597,4000.00,card
2026-04-03 12:15:25.852246,3400.0000,LTC
2026-04-03 12:10:14.021932,0.00,BALANCE
2026-04-03 12:04:28.580876,1615.0000,LTC
2026-04-03 11:43:35.179573,4000.00,card
2026-04-03 11:41:33.36351,5040.000,USDT
2026-04-03 11:41:27.396457,4200.00,card
2026-04-03 11:41:17.197313,2660.000,USDT
2026-04-03 11:41:10.110799,0.00,BALANCE
2026-04-03 11:40:38.343765,3000.00,card
2026-04-03 11:23:19.107359,4000.00,card
2026-04-03 11:21:47.29563,3000.00,card
2026-04-03 11:10:05.779367,0.00,BALANCE
2026-04-03 11:01:25.407368,3000.00,BALANCE
2026-04-03 11:00:31.995667,2800.000,USDT
2026-04-03 10:59:32.140889,0.00,BALANCE
2026-04-03 10:49:25.913254,4000.00,card
2026-04-03 10:39:26.921089,2900.00,card
2026-04-02 22:43:17.26941,1300.00,BALANCE
2026-04-02 22:39:47.11932,4200.00,BALANCE
2026-04-02 22:24:39.252673,2940.000,USDT
2026-04-02 21:46:28.651144,2100.000,USDT
2026-04-02 21:43:01.806362,3000.00,BALANCE
2026-04-02 21:22:36.635598,2030.000,USDT
2026-04-02 21:13:44.979652,2900.00,BALANCE
2026-04-02 21:01:26.583388,5040.000,USDT
2026-04-02 20:50:17.844292,1820.000,USDT
2026-04-02 20:37:16.681789,2940.000,USDT
2026-04-02 20:23:42.149486,3000.00,BALANCE
2026-04-02 20:17:34.303813,0.00,BALANCE
2026-04-02 20:09:10.93587,3000.00,BALANCE
2026-04-02 19:37:57.040464,4000.00,BALANCE
2026-04-02 19:25:15.378185,1100.00,BALANCE
2026-04-02 19:22:35.198436,1100.00,BALANCE
2026-04-02 19:20:19.432608,2600.00,BALANCE
2026-04-02 19:11:36.044402,0.00,BALANCE
2026-04-02 19:09:21.648214,2900.00,BALANCE
2026-04-02 19:03:54.706459,0.00,BALANCE
2026-04-02 18:19:23.81162,0.00,BALANCE
2026-04-02 18:16:43.407011,2800.000,USDT
2026-04-02 18:06:20.786212,2900.00,card
2026-04-02 17:52:24.753159,3800.00,BALANCE
2026-04-02 17:43:48.2892,2800.00,BALANCE
2026-04-02 17:43:08.011036,2900.00,BALANCE
2026-04-02 17:27:39.870009,1100.00,BALANCE
2026-04-02 17:26:44.742602,1900.00,BALANCE
2026-04-02 17:19:06.573985,2900.00,card
2026-04-02 17:18:08.588885,4000.00,card
2026-04-02 17:06:08.898918,4000.00,BALANCE
2026-04-02 17:02:14.250455,3300.00,card
2026-04-02 16:40:50.433118,3400.0000,LTC
2026-04-02 16:24:43.383058,0.00,BALANCE
2026-04-02 16:09:29.025468,2900.00,BALANCE
2026-04-02 15:56:13.620585,3000.00,BALANCE
2026-04-02 15:44:28.380984,100.00,BALANCE
2026-04-02 15:24:34.611862,2550.00,BALANCE
2026-04-02 15:21:54.807246,4000.00,BALANCE
2026-04-02 15:16:21.880516,0.00,BALANCE
2026-04-02 15:14:14.699253,4000.00,card
2026-04-02 15:06:46.650551,4000.00,card
2026-04-02 14:27:02.903836,2900.00,card
2026-04-02 14:26:39.267426,2900.00,card
2026-04-02 14:26:24.631236,0.00,BALANCE
2026-04-02 14:20:03.984802,400.00,BALANCE
2026-04-02 14:20:01.98817,4000.00,card
2026-04-02 14:19:29.234511,1900.00,BALANCE
2026-04-02 14:13:25.83869,2800.000,USDT
2026-04-02 13:57:33.337885,2900.00,BALANCE
2026-04-02 13:41:51.464893,2800.000,USDT
2026-04-02 13:38:28.158647,4000.00,card
2026-04-02 13:35:34.518931,4200.00,BALANCE
2026-04-02 13:32:55.09143,4000.00,card
2026-04-02 13:26:58.041322,4000.00,card
2026-04-02 13:09:56.93781,2100.00,BALANCE
2026-04-02 13:07:33.673086,4000.00,card
2026-04-02 13:04:14.255284,4000.00,card
2026-04-02 12:58:42.08732,4000.00,BALANCE
2026-04-02 12:24:40.671189,2100.00,BALANCE
2026-04-02 12:22:41.403299,2900.00,BALANCE
2026-04-02 12:12:31.00911,2800.000,USDT
2026-04-02 12:04:06.808493,0.00,BALANCE
2026-04-02 11:55:32.535851,2000.00,BALANCE
2026-04-02 11:54:23.341952,4000.00,card
2026-04-02 11:53:49.435308,4000.00,BALANCE
2026-04-02 11:44:21.76153,2800.000,USDT
2026-04-02 11:43:56.605984,0.00,BALANCE
2026-04-02 11:27:52.836313,4000.00,BALANCE
2026-04-02 11:27:22.748488,4000.00,card
2026-04-02 11:24:27.920493,0.00,BALANCE
2026-04-02 10:56:31.431999,3000.00,BALANCE
2026-04-02 10:33:24.833365,4000.00,card
2026-04-02 01:27:17.614543,1300.00,BALANCE
2026-04-02 01:13:41.709243,4000.00,card
2026-04-02 00:29:10.067953,4200.00,BALANCE
2026-04-02 00:16:29.467799,2800.000,USDT
2026-04-01 23:37:35.982133,2900.00,BALANCE
2026-04-01 23:30:37.798611,2400.00,BALANCE
2026-04-01 23:29:55.825244,2900.00,BALANCE
2026-04-01 23:07:59.566556,4000.00,BALANCE
2026-04-01 23:06:39.331382,4200.00,BALANCE
2026-04-01 23:05:13.872181,4200.00,BALANCE
2026-04-01 21:36:42.424187,1400.00,BALANCE
2026-04-01 21:16:04.44655,7200.00,BALANCE
2026-04-01 21:00:01.270863,2660.000,USDT
2026-04-01 20:51:15.610247,2500.00,BALANCE
2026-04-01 20:49:37.168206,3800.00,BALANCE
2026-04-01 20:15:12.67534,4200.00,BALANCE
2026-04-01 20:03:36.3908,4100.00,card
2026-04-01 20:00:44.433142,2900.00,BALANCE
2026-04-01 19:43:26.184807,0.00,BALANCE
2026-04-01 19:33:57.693084,2030.000,USDT
2026-04-01 19:27:04.85944,2940.000,USDT
2026-04-01 19:25:45.82999,2940.000,USDT
2026-04-01 19:24:38.072212,4000.00,card
2026-04-01 18:49:00.795258,4000.00,card
2026-04-01 18:43:11.911173,4000.00,card
2026-04-01 18:42:37.300827,100.00,BALANCE
2026-04-01 18:38:13.035606,4000.00,card
2026-04-01 18:19:22.519829,4000.00,card
2026-04-01 17:56:20.116446,4000.00,card
2026-04-01 17:56:14.993394,2400.00,BALANCE
2026-04-01 17:54:13.588778,0.00,BALANCE
2026-04-01 17:48:44.783745,2900.00,card
2026-04-01 17:32:52.33123,4000.00,card
2026-04-01 17:28:29.466546,2900.00,BALANCE
2026-04-01 17:13:15.005561,4000.00,card
2026-04-01 17:08:37.990492,2800.000,USDT
2026-04-01 17:07:33.033889,2900.00,BALANCE
2026-04-01 17:01:25.908493,3800.00,BALANCE
2026-04-01 16:57:11.760707,4000.00,BALANCE
2026-04-01 16:48:30.666335,3000.00,BALANCE
2026-04-01 16:48:09.864977,0.00,BALANCE
2026-04-01 15:27:09.671943,4000.00,BALANCE
2026-04-01 15:13:09.976962,2900.00,card
2026-04-01 15:09:11.715879,2900.00,BALANCE
2026-04-01 15:08:29.479509,3000.00,BALANCE
2026-04-01 14:52:03.866704,0.00,BALANCE
2026-04-01 14:38:51.751075,0.00,BALANCE
2026-04-01 14:32:54.306829,4200.00,BALANCE
2026-04-01 14:23:37.652847,4200.00,BALANCE
2026-04-01 14:16:46.775431,2900.00,card
2026-04-01 14:13:43.254218,3800.00,card
2026-04-01 13:50:09.889227,2800.000,USDT
2026-04-01 13:45:08.649563,0.00,BALANCE
2026-04-01 13:34:12.511635,4000.00,BALANCE
2026-04-01 13:23:45.105714,4000.00,card
2026-04-01 13:22:45.312517,2800.000,USDT
2026-04-01 13:18:27.109326,7200.00,card
2026-04-01 13:13:23.146818,2900.00,card
2026-04-01 13:00:54.808233,4000.00,card
2026-04-01 12:50:58.802721,2200.00,BALANCE
2026-04-01 11:55:13.598592,4000.00,card
2026-04-01 11:37:25.145582,4000.00,card
2026-04-01 11:34:15.519808,4200.00,card
2026-04-01 11:31:11.87763,4000.00,BALANCE
2026-04-01 11:14:10.597619,4000.00,BALANCE
2026-04-01 10:58:57.059766,4200.00,BALANCE
2026-04-01 10:51:21.58837,2900.00,BALANCE
2026-04-01 10:44:48.880055,2900.00,card
2026-04-01 10:36:52.546713,4000.00,BALANCE
2026-04-01 10:32:11.105621,2900.00,BALANCE
2026-04-01 10:18:26.735069,2500.00,BALANCE
2026-04-01 08:57:15.06232,3000.00,BALANCE
2026-04-01 08:27:16.477459,4200.00,BALANCE
2026-04-01 07:38:59.846116,1100.00,BALANCE
2026-04-01 06:17:46.313707,2900.00,card
2026-04-01 06:04:13.687549,5040.000,USDT
2026-04-01 05:55:10.08194,2800.000,USDT
2026-04-01 05:52:55.105939,2400.00,card
2026-04-01 04:48:53.774116,2900.00,card
2026-04-01 04:35:22.172602,0.00,BALANCE
2026-04-01 04:15:10.914831,0.00,BALANCE
2026-04-01 03:31:08.693457,3000.00,BALANCE
2026-04-01 02:59:29.671596,5040.000,USDT
2026-04-01 02:33:27.661625,2800.000,USDT
2026-04-01 02:27:40.800223,4200.00,BALANCE
2026-04-01 02:26:07.838828,4200.00,card
2026-04-01 02:21:55.41677,7200.00,BALANCE
2026-04-01 02:02:35.850838,0.00,BALANCE
2026-04-01 00:41:40.20635,2900.00,card
2026-04-01 00:18:44.922421,4000.00,BALANCE
2026-04-01 00:10:55.654486,4200.00,BALANCE
2026-04-01 00:04:54.955155,0.00,BALANCE
2026-03-31 23:45:35.091765,2030.000,USDT
2026-03-31 23:36:30.976715,2900.00,card
2026-03-31 23:19:05.286498,4200.00,card
2026-03-31 23:15:28.026185,4100.00,BALANCE
2026-03-31 22:57:07.644131,1820.000,USDT
2026-03-31 22:50:15.361905,2900.00,card
2026-03-31 22:44:55.383158,4000.00,card
2026-03-31 22:44:08.751561,2800.000,USDT
2026-03-31 22:17:57.158645,4000.00,card
2026-03-31 22:14:28.661145,4000.00,card
2026-03-31 21:39:51.635027,2600.00,BALANCE
2026-03-31 21:28:00.590083,1300.00,BALANCE
2026-03-31 21:07:55.242861,1100.00,BALANCE
2026-03-31 20:30:17.543193,0.00,BALANCE
2026-03-31 20:15:05.790542,2800.000,USDT
2026-03-31 20:13:52.532494,1200.00,BALANCE
2026-03-31 20:09:41.832002,1000.00,BALANCE
2026-03-31 19:56:54.293929,4000.00,BALANCE
2026-03-31 19:39:58.015593,0.00,BALANCE
2026-03-31 19:35:51.170554,2800.000,USDT
2026-03-31 19:27:31.107331,1200.00,BALANCE
2026-03-31 19:25:10.861489,3400.0000,LTC
2026-03-31 19:03:50.129957,2400.00,BALANCE
2026-03-31 18:59:19.336132,0.00,BALANCE
2026-03-31 18:44:51.272774,3000.00,BALANCE
2026-03-31 18:18:41.691319,2800.000,USDT
2026-03-31 17:50:47.396223,2870.000,USDT
2026-03-31 17:46:38.150838,5040.000,USDT
2026-03-31 17:33:11.206629,2940.000,USDT
2026-03-31 17:16:22.575384,2940.000,USDT
2026-03-31 17:09:35.202786,4200.00,card
2026-03-31 17:08:57.681727,4000.00,BALANCE
2026-03-31 16:14:44.648727,2400.00,card
2026-03-31 16:08:46.161271,2800.000,USDT
2026-03-31 16:06:19.751837,3300.00,card
2026-03-31 15:53:31.24256,3800.00,card
2026-03-31 15:52:17.534928,3000.00,BALANCE
2026-03-31 15:47:41.011707,2400.00,BALANCE
2026-03-31 15:24:23.888299,0.00,BALANCE
2026-03-31 15:15:56.360752,0.00,BALANCE
2026-03-31 14:37:19.732121,2940.000,USDT
2026-03-31 14:29:47.035107,2900.00,BALANCE
2026-03-31 14:05:50.061053,400.00,BALANCE
2026-03-31 14:02:28.590959,1300.00,BALANCE
2026-03-31 13:58:26.891505,1400.00,BALANCE
2026-03-31 13:54:58.199144,4000.00,card
2026-03-31 13:49:43.273596,4200.00,BALANCE
2026-03-31 13:48:45.260122,4000.00,card
2026-03-31 13:17:35.185719,3000.00,BALANCE
2026-03-31 13:16:31.365641,4000.00,BALANCE
2026-03-31 13:15:23.263254,2400.00,BALANCE
2026-03-31 12:47:56.77223,3000.00,BALANCE
2026-03-31 12:43:50.957649,3000.00,BALANCE
2026-03-31 12:43:12.615548,4000.00,card
2026-03-31 12:35:59.850863,4000.00,card
2026-03-31 12:32:32.023369,2900.00,card
2026-03-31 12:21:39.95364,4000.00,card
2026-03-31 12:15:34.399806,5040.000,USDT
2026-03-31 12:14:26.916343,3000.00,BALANCE
2026-03-31 12:06:04.868802,4000.00,card
2026-03-31 11:55:11.248743,2040.0000,LTC
2026-03-31 11:51:12.995235,3800.00,BALANCE
2026-03-31 11:49:47.793952,4200.00,BALANCE
2026-03-31 11:48:59.032278,4000.00,card
2026-03-31 11:44:21.315828,4000.00,BALANCE
2026-03-31 11:39:30.211366,2400.00,card
2026-03-31 11:20:58.942987,4000.00,card
2026-03-31 10:53:04.249938,3400.0000,LTC
2026-03-31 10:22:45.76749,4000.00,BALANCE
2026-03-31 09:37:31.023255,2400.00,card
2026-03-31 05:47:02.041883,2900.00,BALANCE
2026-03-31 03:08:27.824262,1300.00,BALANCE
2026-03-31 03:06:56.792672,2900.00,BALANCE
2026-03-31 02:31:29.693957,5040.000,USDT
2026-03-31 01:25:08.388528,1300.00,BALANCE
2026-03-31 00:51:31.280599,2800.000,USDT
2026-03-31 00:25:06.263778,2940.000,USDT
2026-03-31 00:22:35.936093,2200.00,card
2026-03-30 23:40:40.614168,4000.00,card
2026-03-30 23:01:20.470406,2900.00,card
2026-03-30 22:41:00.541774,3300.00,card
2026-03-30 22:30:11.166514,4200.00,BALANCE
2026-03-30 22:08:07.910456,1000.00,BALANCE
2026-03-30 21:52:36.675707,4200.00,BALANCE
2026-03-30 21:50:41.026324,1000.00,BALANCE
2026-03-30 21:37:46.28995,4000.00,card
2026-03-30 20:36:48.048895,4000.00,card
2026-03-30 19:57:53.945561,3000.00,card
2026-03-30 19:54:21.449611,2800.000,USDT
2026-03-30 19:40:07.741604,4200.00,card
2026-03-30 19:19:34.986877,4000.00,BALANCE
2026-03-30 19:08:02.611172,7200.00,BALANCE
2026-03-30 19:07:53.112153,1200.00,BALANCE
2026-03-30 18:59:49.634597,2940.000,USDT
2026-03-30 18:49:23.045776,4000.00,BALANCE
2026-03-30 18:44:29.151749,4200.00,BALANCE
2026-03-30 18:42:46.57176,4000.00,BALANCE
2026-03-30 18:31:18.063417,4200.00,card
2026-03-30 18:28:32.016659,3400.00,BALANCE
2026-03-30 18:26:05.705168,3000.00,BALANCE
2026-03-30 18:25:48.925671,4000.00,BALANCE
2026-03-30 18:22:21.445722,4000.00,BALANCE
2026-03-30 17:58:56.166402,2940.000,USDT
2026-03-30 17:49:24.793671,4000.00,card
2026-03-30 17:42:10.948734,1300.00,BALANCE
2026-03-30 17:34:36.699056,1400.00,BALANCE
2026-03-30 17:29:05.184399,2400.00,BALANCE
2026-03-30 17:21:39.563262,4000.00,card
2026-03-30 16:55:07.789127,4000.00,BALANCE
2026-03-30 16:54:10.241104,2940.000,USDT
2026-03-30 16:46:00.579861,4200.00,card
2026-03-30 16:36:27.028904,3000.00,BALANCE
2026-03-30 16:22:18.206206,2000.00,card
2026-03-30 16:04:15.390212,0.00,BALANCE
2026-03-30 15:59:22.54648,0.00,BALANCE
2026-03-30 15:37:09.75864,4200.00,BALANCE
2026-03-30 15:31:42.493384,2660.000,USDT
2026-03-30 15:13:21.750584,2900.00,BALANCE
2026-03-30 15:09:36.693748,0.00,BALANCE
2026-03-30 14:49:53.202819,2900.00,card
2026-03-30 14:38:33.90399,7200.00,BALANCE
2026-03-30 14:38:11.785686,3800.00,card
2026-03-30 14:30:47.637287,7200.00,card
2026-03-30 14:26:43.753223,4000.00,BALANCE
2026-03-30 14:10:08.793002,2400.00,card
2026-03-30 14:02:13.574315,7200.00,BALANCE
2026-03-30 13:58:37.081319,2660.000,USDT
2026-03-30 13:54:49.513718,4000.00,BALANCE
2026-03-30 13:48:40.66989,2870.000,USDT
2026-03-30 13:38:57.973467,2900.00,card
2026-03-30 13:28:47.169216,4200.00,BALANCE
2026-03-30 12:50:17.963214,700.00,BALANCE
2026-03-30 12:34:16.40447,3000.00,BALANCE
2026-03-30 12:17:03.876293,4000.00,card
2026-03-30 12:09:35.095778,3800.00,card
2026-03-30 12:01:10.035248,3200.00,BALANCE
2026-03-30 11:56:00.844248,1400.00,BALANCE
2026-03-30 11:36:13.128305,4200.00,BALANCE
2026-03-30 11:12:14.279113,3000.00,BALANCE
2026-03-30 11:10:30.857969,4200.00,card
2026-03-30 10:58:40.589768,3400.0000,LTC
2026-03-30 10:56:39.453502,4000.00,card
2026-03-30 10:06:40.306153,2800.000,USDT
2026-03-30 08:50:46.214264,0.00,BALANCE
2026-03-30 08:27:49.218667,0.00,BALANCE
2026-03-30 08:27:14.56395,0.00,BALANCE
2026-03-30 07:25:27.13977,2900.00,BALANCE
2026-03-30 06:46:36.732062,2660.000,USDT
2026-03-30 05:50:57.87772,0.00,BALANCE
2026-03-30 04:56:08.976277,0.00,BALANCE
2026-03-30 04:55:11.577353,2660.000,USDT
2026-03-30 04:41:21.39756,4000.00,BALANCE
2026-03-30 04:11:12.669818,2800.00,BALANCE
2026-03-30 03:57:02.466679,3000.00,BALANCE
2026-03-30 03:13:37.271593,2940.000,USDT
2026-03-30 02:50:14.946105,1200.00,BALANCE
2026-03-30 01:21:20.466117,1300.00,BALANCE
2026-03-30 00:50:18.499736,1300.00,BALANCE
2026-03-30 00:07:11.726764,4200.00,card
2026-03-29 23:24:50.397799,4000.00,card
2026-03-29 23:02:15.672103,2465.0000,LTC
2026-03-29 22:56:52.886784,2300.00,BALANCE
2026-03-29 22:25:39.01612,2030.000,USDT
2026-03-29 21:42:51.196948,1680.000,USDT
2026-03-29 21:40:59.079867,2900.00,BALANCE
2026-03-29 21:35:15.596444,2940.000,USDT
2026-03-29 20:13:16.519914,2870.000,USDT
2026-03-29 20:01:56.113809,0.00,BALANCE
2026-03-29 20:00:07.265194,3200.00,BALANCE
2026-03-29 19:46:49.792739,2030.000,USDT
2026-03-29 19:44:34.50516,2900.00,nirvana
2026-03-29 19:24:10.518418,0.00,BALANCE
2026-03-29 19:15:18.069936,4200.00,BALANCE
2026-03-29 19:03:22.264484,4200.00,BALANCE
2026-03-29 18:59:44.812104,4200.00,BALANCE
2026-03-29 18:48:32.759156,1300.00,BALANCE
2026-03-29 18:21:26.573505,2000.00,BALANCE
2026-03-29 18:10:57.278367,4000.00,card
2026-03-29 17:59:33.395491,4000.00,card
2026-03-29 17:49:03.172963,0.00,BALANCE
2026-03-29 16:53:10.396024,3400.0000,LTC
2026-03-29 16:52:29.375132,4200.00,card
2026-03-29 16:37:48.943427,4000.00,card
2026-03-29 16:28:33.812388,4200.00,BALANCE
2026-03-29 16:19:54.808688,2400.00,card
2026-03-29 16:19:15.784193,2900.00,card
2026-03-29 16:13:23.671641,2400.00,card
2026-03-29 16:07:07.546974,3000.00,BALANCE
2026-03-29 16:04:11.373146,2223.00,BALANCE
2026-03-29 16:01:22.897179,900.00,BALANCE
2026-03-29 15:28:15.508303,4000.00,card
2026-03-29 15:20:46.971656,3800.00,BALANCE
2026-03-29 15:19:25.100171,0.00,BALANCE
2026-03-29 15:09:16.072568,3100.00,BALANCE
2026-03-29 15:07:06.926945,2900.00,BALANCE
2026-03-29 15:07:01.10331,2900.00,BALANCE
2026-03-29 14:56:22.734613,1300.00,BALANCE
2026-03-29 14:54:25.23507,4000.00,card
2026-03-29 14:48:41.410172,4000.00,card
2026-03-29 14:43:35.734246,0.00,BALANCE
2026-03-29 14:33:11.540418,4000.00,card
2026-03-29 14:30:22.35925,4200.00,card
2026-03-29 14:29:16.812062,2900.00,card
2026-03-29 14:20:06.577692,4000.00,card
2026-03-29 14:18:07.107916,4000.00,BALANCE
2026-03-29 13:24:15.81613,3400.0000,LTC
2026-03-29 12:50:09.215816,4300.00,BALANCE
2026-03-29 12:42:50.24191,77.00,BALANCE
2026-03-29 12:38:57.435641,2700.00,BALANCE
2026-03-29 12:31:23.536716,2870.000,USDT
2026-03-29 12:30:57.724647,0.00,BALANCE
2026-03-29 12:26:33.026605,1000.00,BALANCE
2026-03-29 12:15:35.663399,3800.00,BALANCE
2026-03-29 12:05:33.892293,4000.00,BALANCE
2026-03-29 12:02:04.402261,4200.00,card
2026-03-29 11:56:42.833776,2400.00,BALANCE
2026-03-29 11:47:35.761188,2900.00,card
2026-03-29 11:46:03.379157,100.00,BALANCE
2026-03-29 11:10:56.099691,4000.00,card
2026-03-29 10:44:04.297463,2800.000,USDT
2026-03-29 10:43:12.92929,4200.00,card
2026-03-29 10:43:04.570163,4000.00,card
2026-03-29 10:18:43.462196,2700.00,BALANCE
2026-03-29 10:15:59.390333,2900.00,BALANCE
2026-03-29 10:15:09.535606,1200.00,BALANCE
2026-03-29 09:59:05.854944,2660.000,USDT
